Title,Author,Rating,Reviews Count,URL,ISBN-10,Price,Binding
"God Save the Hon'ble Supreme Court",by Fali S. Nariman,4.4,16,https://www.amazon.in/God-Save-Honble-Supreme-Court/dp/9386832623,9386832623,₹437,Hardcover
"Ratanlal & Dhirajlal’s the Indian Penal Code",by Ratanlal,4.4,22,https://www.amazon.in/Ratanlal-Dhirajlals-Indian-Penal-Code/dp/8131251004,8131251004,₹799,Paperback
"10 Judgements That Changed India",by Zia Mody,4.3,110,https://www.amazon.in/10-Judgements-That-Changed-India/dp/0670086622,0670086622,₹320,Hardcover
"CYBER LAW & CYBER CRIMES SIMPLIFIED",,4.6,18,https://www.amazon.in/CYBER-LAW-CRIMES-SIMPLIFIED/dp/B071XW8Y28,B071XW8Y28,₹200,Paperback
"Ratanlal & Dhirajlal’s the Law of Evidence",by Ratanlal,4.2,9,https://www.amazon.in/Ratanlal-Dhirajlals-Law-Evidence/dp/8131251616,8131251616,₹800,Paperback
"Indian Polity 5th Edition",by M. Laxmikanth,4.5,2965,https://www.amazon.in/Indian-Polity-5th-M-Laxmikanth/dp/935260363X,935260363X,₹426,Paperback
"Constitution of India",by P.M. Bakshi,3.6,54,https://www.amazon.in/Constitution-India-P-M-Bakshi/dp/9386515113,9386515113,₹176,Paperback
"Legal Eagles: Stories of the Top Seven Indian Lawyers",by Indu Bhan,3.9,70,https://www.amazon.in/Legal-Eagles-Stories-Indian-Lawyers/dp/8184006357,8184006357,₹310,Hardcover
"A Book About Lawyers",by John Cordy Jeaffreson,3.5,2,https://www.amazon.in/Book-About-Lawyers-Cordy-Jeaffreson-ebook/dp/B0082V3LKA,B0082V3LKA,₹0,Kindle Edition
"India's Legal System: Can it Be Saved?",by Fali S. Nariman,4.3,17,https://www.amazon.in/Indias-Legal-System-Can-Saved/dp/014344011X,014344011X,₹155,Paperback
"Law of Torts With Consumer Protection Act",by RK Bangia,4.2,22,https://www.amazon.in/Law-Torts-Consumer-Protection-Act/dp/8189530917,8189530917,₹434,Paperback
"The Dramatic Decade: Landmark Cases Of Modern India",by Indu Bhan,4.1,9,https://www.amazon.in/Dramatic-Decade-Landmark-Cases-Modern/dp/067008929X,067008929X,₹207,Hardcover
"The Laws of the Spirit World",by Khorshed Bhavnagri,4.5,434,https://www.amazon.in/Laws-Spirit-World-Khorshed-Bhavnagri/dp/817992985X,817992985X,₹197,Paperback
"Company & Allied/Economic Law (Set of 2 Books) Handwritten Book For CA Final...",by CA Arpita S.Tulsyan,,,https://www.amazon.in/Company-Allied-Economic-Handwritten-Tulsyan/dp/B07MXP91V2,B07MXP91V2,₹1,399,Paperback
"The Tools of Argument: How the Best Lawyers Think, Argue, and Win",by Joel P. Trachtman,3.8,8,https://www.amazon.in/Tools-Argument-Lawyers-Think-Argue/dp/1481246380,1481246380,₹828,Paperback
"The Seven Laws of Success",by Herbert Armstrong,3.8,38,https://www.amazon.in/Seven-Laws-Success-Herbert-Armstrong-ebook/dp/B00DV6QNQ0,B00DV6QNQ0,₹0,Kindle Edition
"Corporate And Economic Law For New Syllabus Applicable for May 2019 Exams",by ca cs munish bhandari,,,https://www.amazon.in/Corporate-Economic-Syllabus-Applicable-Exams/dp/9385075691,9385075691,₹1,272,Paperback
"Filing Procedure and Practice Before Civil Courts, Sessons Courts, Magistrate...",by M.Arulselvem,4.6,3,https://www.amazon.in/Procedure-Magistrate-Tribunals-Comprehensive-Practising/dp/B07F2PBFY2,B07F2PBFY2,₹630,Paperback
"How to Manifest Anything: A Simplified Guide for Using the Law of Attraction...",by Beau Norton,4.4,37,https://www.amazon.in/How-Manifest-Anything-Simplified-Attraction-ebook/dp/B01N3KW7RG,B01N3KW7RG,₹0,Kindle Edition
"CA Final Direct Tax COMPACT A Handwritten Book Including case laws and 1000 MCQ...",by CA BHANWAR BORANA,,,https://www.amazon.in/COMPACT-Handwritten-Including-Syllabus-Applicable/dp/B07MXNMBS9,B07MXNMBS9,₹850,Paperback
"M P Jain Indian Constitutional Law",by M.P. Jain,4.1,10,https://www.amazon.in/Jain-Indian-Constitutional-Law/dp/9386515040,9386515040,₹1,485,Paperback
"Courts and Their Judgments: Premises, Prerequisites, Consequences",by Arun Shourie,4,12,https://www.amazon.in/Courts-Their-Judgments-Prerequisites-Consequences/dp/9352776070,9352776070,₹373,Paperback
"Principles of Law of Arbitration in India",by Dharmendra Rautrey,5,1,https://www.amazon.in/Principles-Arbitration-India-Dharmendra-Rautrey/dp/9387963942,9387963942,₹1,740,Hardcover
"Family Law",by Paras Diwan,Peeyushi Diwan,4.3,8,https://www.amazon.in/Family-Law-Peeyushi-Diwan-Paras/dp/818953033X,818953033X,₹523,Paperback
"Trials of Truth: India’s Landmark Criminal Cases",by Pinky Anand,3,5,https://www.amazon.in/Trials-Truth-Indias-Landmark-Criminal/dp/0670089125,0670089125,₹309,Hardcover
"Whither Indian Judiciary",by Justice Markandey Katju,4.4,13,https://www.amazon.in/Whither-Indian-Judiciary-Justice-Markandey/dp/9386141124,9386141124,₹388,Hardcover
"INTERNATIONAL LAW 8/ED",by MALCOLM N. SHAW,4.7,4,https://www.amazon.in/INTERNATIONAL-LAW-ED-MALCOLM-SHAW/dp/1108458289,1108458289,₹545,Paperback
"Guide to Judicial Service Examination",by Universal's,3.8,11,https://www.amazon.in/Guide-Judicial-Service-Examination-Universals/dp/8131253775,8131253775,₹1,157,Paperback
"Nani Palkhivala: The Courtroom Genius",by Soli J. Sorabjee,4.6,58,https://www.amazon.in/Nani-Palkhivala-Courtroom-Soli-Sorabjee/dp/8180387542,8180387542,₹495,Paperback
"Supreme Whispers: Supreme Court Judges, 1980-90",by Abhinav Chandrachud,4.6,8,https://www.amazon.in/Supreme-Whispers-Court-Judges-1980-90/dp/0670090328,0670090328,₹342,Hardcover
"The Law of Attraction (Lawyers in Love Book 1)",by N.M. Silber,4,3,https://www.amazon.in/Law-Attraction-Lawyers-Love-Book-ebook/dp/B00E3GZSP4,B00E3GZSP4,₹0,Kindle Edition
"Scanner-Corporate & Economic Laws (CA-Final)(May 2019 Exam-New Syllabus)",by CA Pankaj Garg,,,https://www.amazon.in/Scanner-Corporate-Economic-CA-Final-Exam-New-Syllabus/dp/9388750276,9388750276,₹550,Paperback
"Guide to CLAT & LL.B. Entrance Examination 2019-20",by Universal's,4.2,15,https://www.amazon.in/Guide-LL-B-Entrance-Examination-2019-20/dp/9386515636,9386515636,₹750,Paperback
"Think and Grow Rich",by Napoleon Hill,4.6,3614,https://www.amazon.in/Think-Grow-Rich-Napoleon-Hill/dp/8192910911,8192910911,₹70,Paperback
"The Seven Spiritual Laws of Success: A Pocket Guide to Fulfilling Your Dreams",by Deepak Chopra M.D.,4.4,211,https://www.amazon.in/Seven-Spiritual-Laws-Success-Fulfilling/dp/8189988042,8189988042,₹189,Hardcover
"Self Study Guide for LLB Entrance Examination 2019",by Arihant Experts,5,3,https://www.amazon.in/Self-Study-Guide-Entrance-Examination/dp/9313164515,9313164515,₹348,Paperback
"IBPS SO Law Officer CRP SPL Professional Knowledge Main Exam Practice Work Book...",by Kiran Prakashan,2.7,3,https://www.amazon.in/IBPS-Officer-Professional-Knowledge-Practice/dp/B0798LHJV3,B0798LHJV3,₹221,Paperback
"The Laws of Human Nature (Export TPB)",by Robert Greene,4.4,24,https://www.amazon.in/Laws-Human-Nature-Export-TPB/dp/1781259194,1781259194,₹510,Paperback
"The Law of Success: In Sixteen Lessons (General Press)",by Napoleon Hill,4.4,150,https://www.amazon.in/Law-Success-Sixteen-Lessons/dp/8180320928,8180320928,₹371,Paperback
"Before Memory Fades: An Autobiography",by Fali S. Nariman,4.5,78,https://www.amazon.in/Before-Memory-Fades-Fali-Nariman/dp/9381431450,9381431450,₹349,Paperback
"The 21 Irrefutable Law Of Leadership-John C. Maxwell",by John C. Maxwell,3.9,18,https://www.amazon.in/21-Irrefutable-Law-Leadership-John-Maxwell/dp/9381753369,9381753369,₹165,Paperback
"The 48 Laws Of Power (The Robert Greene Collection)",by Robert Greene,4.4,137,https://www.amazon.in/Laws-Power-Robert-Greene-Collection/dp/1861972784,1861972784,₹643,Paperback
"Cyber Infomedia Cyber Law & Cyber Crimes Simplified",by Cyber Infomedia,,,https://www.amazon.in/Cyber-Infomedia-Law-Crimes-Simplified/dp/B072F29VNH,B072F29VNH,₹200,
"The Concise 48 Laws of Power (Indiana Publishing)",by Robert Greene,4.6,35,https://www.amazon.in/Concise-Laws-Power-Indiana-Publishing/dp/8184083459,8184083459,₹185,Paperback
"The Law of Attraction (Lawyers in Love Book 1)",by N.M. Silber,4,3,https://www.amazon.in/Law-Attraction-Lawyers-Love-Book-ebook/dp/B00E3GZSP4,B00E3GZSP4,₹0,Kindle Edition
"CA Final Direct tax laws & International taxation",by CA.Durgesh Singh,,,https://www.amazon.in/Final-Direct-laws-International-taxation/dp/9351396576,9351396576,₹1,170,Paperback
"The 7 Laws of Clearing CA Final",by Nitin Soni,4.5,53,https://www.amazon.in/Laws-Clearing-CA-Final/dp/9350712539,9350712539,₹119,Paperback
"Tax, Constitution and the Supreme Court: Analysing the evolution of taxation...",by Karthik Sundaram,5,1,https://www.amazon.in/Tax-Constitution-Supreme-Court-Analysing/dp/8193917189,8193917189,₹400,Paperback
"Scanner-Industrial Labour & General Laws (CS-Executive)(June 2019 Exam-Old Syllabus...",by N.S. Zad,,,https://www.amazon.in/Scanner-Industrial-General-CS-Executive-Exam-Old-Syllabus/dp/9388750438,9388750438,₹375,Paperback
"Criminal Manual: Cr.P.C., I.P.C. & Evidence (with Free Guide to Criminal Pleadings...",by Universal's Legal Manual,4.1,49,https://www.amazon.in/Criminal-Manual-Cr-P-C-Evidence-Pleadings/dp/8175349174,8175349174,₹400,Hardcover
"Labour and Industrial Laws",by P. K. Padhi - Import,4.3,23,https://www.amazon.in/Labour-Industrial-Laws-P-K-Padhi/dp/8120353498,8120353498,₹450,Paperback
"Textbook on the Indian Evidence Act",by K D Gaur,5,1,https://www.amazon.in/Textbook-Indian-Evidence-Act-Gaur/dp/9350359502,9350359502,₹375,Paperback
"Corporate and other laws",by Munish Bhandari,4.1,13,https://www.amazon.in/Corporate-other-laws-Munish-Bhandari/dp/9385075543,9385075543,₹600,Paperback
"The Theory of Everything",by Stephen Hawking - Special Edition,4.5,538,https://www.amazon.in/Theory-Everything-Stephen-Hawking/dp/8179925919,8179925919,₹131,Paperback
"Crime and Punishment (AmazonClassics Edition)",by Fyodor Dostoyevsky,4.1,158,https://www.amazon.in/Crime-Punishment-AmazonClassics-Fyodor-Dostoyevsky-ebook/dp/B074W9WW4S,B074W9WW4S,₹0,Kindle Edition
"How to Win Friends and Influence People",by Dale Carnegie,4.5,2653,https://www.amazon.in/How-Win-Friends-Influence-People/dp/8192910997,8192910997,₹99,Paperback
"The Laws of the Spirit World (Now In Hindi)",by Khorshed Bhavnagri,4.6,99,https://www.amazon.in/Laws-Spirit-World-Now-Hindi/dp/8184952589,8184952589,₹284,Paperback
"The Secret Law of Blessing",by Karan Razdan,4.7,98,https://www.amazon.in/Secret-Law-Blessing-Karan-Razdan/dp/B077TQ9VCT,B077TQ9VCT,₹125,Paperback
"Labour Laws (2018 Edition)",by Taxmann,2.8,8,https://www.amazon.in/Labour-Laws-2018-Taxmann/dp/9386882949,9386882949,₹590,Paperback
"The Law Of Attraction",by Esther,4.3,30,https://www.amazon.in/Law-Attraction-Esther/dp/935266146X,935266146X,₹200,Paperback
"The Law Of Torts",by Ratanlal,4.3,18,https://www.amazon.in/Law-Torts-Ratanlal/dp/9350357410,9350357410,₹713,Paperback
"The Constitutional Law of India (in English)",by with a Foreword by Justice H.C.P.Tripathi Dr. J.N.Pandey,5,4,https://www.amazon.in/Constitutional-Law-India-English/dp/938485283X,938485283X,₹545,Paperback
"Handbook On Offences And Punishments",by M.A. Rashid,4.1,5,https://www.amazon.in/Handbook-Offences-Punishments-M-Rashid/dp/9351434257,9351434257,₹580,Hardcover
"Catalyst",by Chandramouli Venkatesan,4.6,249,https://www.amazon.in/Catalyst-Chandramouli-Venkatesan/dp/0143442473,0143442473,₹164,Paperback
"The Law of Success: Using the Power of Spirit to Create Health, Prosperity, and...",by Paramahansa Yogananda,4.4,67,https://www.amazon.in/Law-Success-Spirit-Prosperity-Happiness/dp/8189955322,8189955322,₹83,Hardcover
"FBI Handbook of Crime Scene Forensics",by Federal Bureau of Investigation,5,1,https://www.amazon.in/FBI-Handbook-Crime-Scene-Forensics/dp/1607964279,1607964279,₹419,Paperback
"THE CONSTITUTION OF INDIA",by Dr. B. R Ambedkar,3.4,5,https://www.amazon.in/CONSTITUTION-INDIA-Dr-B-Ambedkar-ebook/dp/B071W4MNGJ,B071W4MNGJ,₹65,Kindle Edition
"Constitutional Law Of India (Part-I)",by Dr. Ashok K. Jain,,,https://www.amazon.in/Constitutional-India-Part-I-Ashok-Jain/dp/B07D4HVTNT,B07D4HVTNT,₹287,Paperback
"Hotel Law (Oxford Higher Education)",by Amitabh Devendra,4.1,4,https://www.amazon.in/Hotel-Law-Oxford-Higher-Education/dp/0198084013,0198084013,₹240,Paperback
"The Laws of Manu: Translated by Various Oriental Scholars - Vol. 25 (Sacred Books...",by F. Max Muller,3.3,3,https://www.amazon.in/Laws-Manu-Translated-Oriental-Scholars/dp/8120801261,8120801261,₹400,Hardcover
"Business Law for Managers: IIMA Series",by Anurag K Agarwal,5,2,https://www.amazon.in/Business-Law-Managers-Anurag-Agarwal/dp/0143444476,0143444476,₹319,Paperback
"Trueman's UGC NET Law",by Suman Chauhan,2.9,16,https://www.amazon.in/Truemans-UGC-NET-Suman-Chauhan/dp/8189301071,8189301071,₹438.50,Paperback
"Tannan’s Banker’s Manual- A Commentary on Banking Laws & Allied Acts (Set of...",by Tannan,5,1,https://www.amazon.in/Tannans-Bankers-Manual-Commentary-Banking/dp/9350358034,9350358034,₹2,757,Hardcover
"Law of Attraction",by Mitesh Khatri,4.6,73,https://www.amazon.in/Law-Attraction-Mitesh-Khatri/dp/8184958366,8184958366,₹284,Paperback
"Landmark Judgments (Covering More than 100 leading Cases of India)",by Universal's,3.1,5,https://www.amazon.in/Landmark-Judgments-Covering-leading-Cases/dp/8131252523,8131252523,₹244,Paperback
"Self Study Guide CLAT (Common Law Admission Test) 2019",by Arihant Experts,3.6,4,https://www.amazon.in/Self-Study-Guide-Common-Admission/dp/9313165317,9313165317,₹405,Paperback
"International Law. A Treatise. Volume I (of 2) Peace. Second Edition",by L. (Lassa) Oppenheim,3,1,https://www.amazon.in/International-Law-Treatise-Peace-Second-ebook/dp/B00AQMGEHA,B00AQMGEHA,₹0,Kindle Edition
"Indian Penal Code (With the Criminal Law (Amendment) Act,2018",by S.N. Mishra,5,1,https://www.amazon.in/Indian-Penal-Code-Criminal-Amendment/dp/938645677X,938645677X,₹615,Paperback
"The Laws of Medicine",by Siddhartha Mukherjee,3.8,51,https://www.amazon.in/Laws-Medicine-Siddhartha-Mukherjee/dp/1471141853,1471141853,₹275.11,Hardcover
"Black's Law Dictionary (BLACK'S LAW DICTIONARY (STANDARD EDITION))",by Bryan A. Garner,3.3,2,https://www.amazon.in/Blacks-Dictionary-BLACKS-DICTIONARY-STANDARD/dp/0314613005,0314613005,₹5,100,Hardcover
"Mohammedan Law",by Aqil Ahmad,5,5,https://www.amazon.in/Mohammedan-Law-Aqil-Ahmad/dp/9384852503,9384852503,₹415,Paperback
"Company Law",by Avtar Singh,4.2,10,https://www.amazon.in/Company-Law-Avtar-Singh/dp/9387487237,9387487237,₹656,Paperback
"The 22 Immutable Laws Of Branding",by Al Ries,4.5,19,https://www.amazon.in/22-Immutable-Laws-Branding/dp/1861976054,1861976054,₹260,Paperback
"Mercantile Laws for CA-CPT",by P.C. Tulsian,4.5,66,https://www.amazon.in/Mercantile-Laws-CA-CPT-P-C-Tulsian/dp/9339213017,9339213017,₹481,Paperback
"Legal GK (General Knowledge on Law) for Competitive Examinations",by Universal's,2.7,5,https://www.amazon.in/Legal-General-Knowledge-Competitive-Examinations/dp/938651530X,938651530X,₹332,Paperback
"IBPS (Specialist Officer) Rajbhasha Adhikari/Law Officer (Preliminary) Exam Guide",by RPH Editorial Board,,,https://www.amazon.in/Specialist-Officer-Rajbhasha-Adhikari-Preliminary/dp/9386845822,9386845822,₹279,Paperback
"Legal Awareness and Legal Reasoning: For CLAT and Other Law Entrance Examinations...",by A. P. Bhardwaj,4.4,46,https://www.amazon.in/Legal-Awareness-Reasoning-Examinations-Celebrating/dp/9352864964,9352864964,₹412,Paperback
"Cyber Infomedia Cyber Law & Cyber Crimes Simplified",by Cyber Infomedia,,,https://www.amazon.in/Cyber-Infomedia-Law-Crimes-Simplified/dp/B072P5ZQ23,B072P5ZQ23,₹200,
"CLAT, AILET & IPU CET LAW 2019",by Dr.Om Krishna,4.7,14,https://www.amazon.in/CLAT-AILET-IPU-CET-2019/dp/9383917539,9383917539,₹318,Paperback
"Media Law and Ethics",by M Neelamalar,4.2,12,https://www.amazon.in/Media-Law-Ethics-M-Neelamalar/dp/8120339746,8120339746,₹250,Paperback
"Constitution of India: with All Amendments",by Indian Constitution,2.4,5,https://www.amazon.in/Constitution-India-All-Amendments-Indian-ebook/dp/B01MV24LSF,B01MV24LSF,₹49,Kindle Edition
"Comprehensive Guide to Indirect Tax Laws",by Vandana Bangar,,,https://www.amazon.in/Comprehensive-Guide-Indirect-Tax-Laws/dp/8190502549,8190502549,₹1,338,Paperback
"Law of Contract",by Dr. Ashok K. Jain,,,https://www.amazon.in/Law-Contract-Dr-Ashok-Jain/dp/B07D4HTGTH,B07D4HTGTH,₹178,Paperback
"The Indian Contract Act 1872 as amended by The Banking Laws (Amendment) Act 2012...",by Editorial Board of Professional Book Publishers,5,1,https://www.amazon.in/Contract-Amendment-Building-Construction-Amendments/dp/B07FTSF6Y3,B07FTSF6Y3,,Paperback
"The Law of Attraction",by Jerry Hicks,4.4,32,https://www.amazon.in/Law-Attraction-Jerry-Hicks/dp/8189988158,8189988158,₹261,Paperback
"The Indian Constitution: Cornerstone of A Nation (Classic Reissue)",by Austin Granville,4.6,34,https://www.amazon.in/Indian-Constitution-Cornerstone-Classic-Reissue/dp/0195649591,0195649591,₹375,Paperback
"Set of 2 books MCQ for Judicial Service Examination",by Singhal Law Publications,,,https://www.amazon.in/Set-books-Judicial-Service-Examination/dp/B07K16PGJH,B07K16PGJH,₹770,Paperback
"The Code of the Extraordinary Mind: 10 Unconventional Laws to Redefine Your Life...",by Vishen Lakhiani,4.5,60,https://www.amazon.in/Code-Extraordinary-Mind-Unconventional-Redefine/dp/1623367581,1623367581,₹431,Paperback
"Introduction to the Constitution of India",by Durga Das Basu,4.5,436,https://www.amazon.in/Introduction-Constitution-India-Durga-Basu/dp/935143446X,935143446X,₹339,Paperback
"Mulla’s Hindu Law",by Dinshaw Fardunji Mulla,,,https://www.amazon.in/Mullas-Hindu-Dinshaw-Fardunji-Mulla/dp/9386515172,9386515172,₹2,195,Paperback
"Mulla’s Principles of Mahomedan Law",by Sir Dinshaw Fardunji Mulla,4.5,4,https://www.amazon.in/Mullas-Principles-Mahomedan-Dinshaw-Fardunji/dp/8131252612,8131252612,₹1,016,Paperback
"Laws of Attraction (The Southerlands Book 7)",by Evelyn Adams,5,1,https://www.amazon.in/Laws-Attraction-Southerlands-Book-7-ebook/dp/B0169AQRZ6,B0169AQRZ6,₹0,Kindle Edition
"S P Sathe Administrative Law",by S.P. Sathe,4.4,8,https://www.amazon.in/S-P-Sathe-Administrative-Law/dp/8180380513,8180380513,₹625,Paperback
"P S A Pillai’s Criminal Law",by P S A Pillai,4.3,3,https://www.amazon.in/P-S-Pillais-Criminal-Law/dp/8131251632,8131251632,₹850,Paperback
"Law as a Career",by Tanuj Kalia,4.8,17,https://www.amazon.in/Law-as-Career-Tanuj-Kalia/dp/9350359448,9350359448,,Paperback
"Guide to CLAT & LL.B. Entrance Examination",by Universal's,4.3,148,https://www.amazon.in/Guide-CLAT-LL-B-Entrance-Examination/dp/8131253627,8131253627,₹705,Paperback
"Basic Laws of Electromagnetism",by IE IRODOV,3.9,57,https://www.amazon.in/Basic-Laws-Electromagnetism-IE-IRODOV/dp/9350943182,9350943182,₹72,Paperback
"Tulsian's Business Laws",by Tulsian,5,2,https://www.amazon.in/Tulsians-Business-Laws-Tulsian/dp/9353163153,9353163153,₹594,Paperback
"Law of CONTRACT & Specific Relief",by Dr. Avtar Singh,4.5,4,https://www.amazon.in/CONTRACT-Specific-Relief-Avtar-Singh/dp/8193547276,8193547276,,Paperback
"Napoleon Hill's Awesome Secret (Wealth Book 1)",by Will Edwards,3.9,6,https://www.amazon.in/Napoleon-Hills-Awesome-Secret-Wealth-ebook/dp/B01L9CZMQO,B01L9CZMQO,₹0,Kindle Edition
"Introduction to the Constitution of India",by D D Basu,4.2,11,https://www.amazon.in/Introduction-Constitution-India-D-Basu/dp/9386515725,9386515725,₹384,Paperback
"The Principles of Law of Contract",by R C Srivastava,5,5,https://www.amazon.in/Principles-Law-Contract-R-Srivastava/dp/9387457362,9387457362,₹380,Paperback
"11 Years CLAT & AILET (2008-18) Topic-wise Solved Papers",by Disha Experts,5,2,https://www.amazon.in/Years-2008-18-Topic-wise-Solved-Papers/dp/9387045404,9387045404,₹325,Paperback
"LAW GUIDE FOR JUDICIAL SERVICE EXAMINATIONS VO. II",by Dr. ASHOK K. JAIN,,,https://www.amazon.in/LAW-GUIDE-JUDICIAL-SERVICE-EXAMINATIONS/dp/B07H3N5LMY,B07H3N5LMY,₹493,Paperback
"The Essence of Law of Success (Hindi)",by N Hil,4.4,8,https://www.amazon.in/Essence-Law-Success-Hindi/dp/8184955561,8184955561,₹143,Paperback
"Legal GK (General Knowledge on Law) for Competitive Examinations",by Universal's,4.4,3,https://www.amazon.in/Legal-General-Knowledge-Competitive-Examinations/dp/813125268X,813125268X,₹345,Paperback
"The Key to Living the Law of Attraction: The Secret to Creating the Life of Your...",by Jack Canfield,4.7,11,https://www.amazon.in/Key-Living-Law-Attraction-Creating/dp/1409151638,1409151638,₹228,Paperback
"Corporate & Other Laws (CA-Intermediate)(For May 2019 Exam-As per New Syllabus)",by Tejpal Sheth,,,https://www.amazon.in/Corporate-Other-CA-Intermediate-Exam-As-Syllabus/dp/9388750225,9388750225,₹625,Paperback
"Maharashtra CLET 2018 for 3 Years Course",by Arihant Expert,5,1,https://www.amazon.in/Maharashtra-CLET-2018-Years-Course/dp/9313165678,9313165678,₹350,Paperback
"U.P. Local Laws for U.P. Judicial Service",by Mohd. Tauseef Raza,,,https://www.amazon.in/U-P-Local-Laws-Judicial-Service/dp/B07GWYBV45,B07GWYBV45,₹314,Paperback
"English Skills for Lawyers",by Challa Krishnaveer Abhishek,3.3,14,https://www.amazon.in/English-Skills-Lawyers-Krishnaveer-Abhishek/dp/9350356317,9350356317,₹145,Paperback
"The Law of Success in Sixteen Lessons",by Napoleon Hill,4.4,9,https://www.amazon.in/Law-Success-Sixteen-Lessons/dp/9388144341,9388144341,₹249,Paperback
"The Indian Evidence Act, 1872 as amended by the Criminal Law (Amendment) Act,...",by Editorial Board of Professional Book Publishers,,,https://www.amazon.in/Indian-Evidence-amended-Criminal-Amendment/dp/B07F21SF3V,B07F21SF3V,₹85,Paperback
"The Laws of Human Nature",by Robert Greene - Import,4.5,2,https://www.amazon.in/Laws-Human-Nature-Robert-Greene/dp/0525428143,0525428143,₹1,790,Hardcover
"You Can Achieve More: Live By Design, Not By Default",by Shiv Khera,4.3,50,https://www.amazon.in/You-Can-Achieve-More-Default/dp/938634906X,938634906X,₹225,Paperback
"Law Series 15: Civil Acts (The Specific Relief Act,1963, the Indian Partnership...",by None,4,2,https://www.amazon.in/Law-Partnership-Arbitration-Conciliation-Limitation/dp/8174824774,8174824774,,Paperback
"LAW GUIDE FOR JUDICIAL SERVICE EXAMINATIONS VO. III",by Dr. ASHOK K. JAIN,,,https://www.amazon.in/LAW-GUIDE-JUDICIAL-SERVICE-EXAMINATIONS/dp/B07H3M9YQY,B07H3M9YQY,₹652,Paperback
"Key to Criminal Court Practice & Procedures",by Narender Kumar,3,3,https://www.amazon.in/Key-Criminal-Court-Practice-Procedures/dp/9386515075,9386515075,₹325,Paperback
"Law Of Attraction: Your Powerful Key for Manifesting Money, Success, Love or...",by Abraham Vitale,4.5,55,https://www.amazon.in/Law-Attraction-Manifesting-effortlessly-Prosperity-ebook/dp/B07FJZH6RV,B07FJZH6RV,₹0,Kindle Edition
"Law, Ethics and Communication For CA Intermediate(IPC)(Old Syllabus) November...",,4.3,3,https://www.amazon.in/Communication-Intermediate-Syllabus-November-BHANDARI/dp/9385075551,9385075551,₹751,Paperback
"Handbook on Corporate and Allied Laws",,,,https://www.amazon.in/Handbook-Corporate-Allied-Laws/dp/9351393895,9351393895,,
"The 21 Irrefutable Laws Of Leadership",,4.2,15,https://www.amazon.in/21-Irrefutable-Laws-Leadership/dp/9385077996,9385077996,₹160,Paperback
"The Concise 48 Laws Of Power (The Robert Greene Collection)",by Robert Greene,4.2,62,https://www.amazon.in/Concise-Power-Robert-Greene-Collection/dp/1861974043,1861974043,₹283,Paperback
"Law Series 3-Indian Evidence Act 1872",by Abhinav Misra,3,4,https://www.amazon.in/Law-3-Indian-Evidence-Act-1872/dp/8174829911,8174829911,₹56,Paperback
"Universal's General Knowledge on Law- Legal GK for Competitive Examinations",by Manish Arora,3.7,5,https://www.amazon.in/Universals-General-Knowledge-Competitive-Examinations/dp/8131250601,8131250601,₹200,Paperback
"Lecture Notes on Law of Evidence",by Adv Prakarsh Pandey,4.9,34,https://www.amazon.in/Lecture-Notes-Evidence-Prakarsh-Pandey/dp/B07K5XSPSC,B07K5XSPSC,₹350,Paperback Bunko
"Guide to Judicial Service Mains Examination - Vol.1",by Dr. P.K. Pandey,4.7,13,https://www.amazon.in/Guide-Judicial-Service-Mains-Examination/dp/9384303852,9384303852,₹430,Paperback
"Legal Aptitude for the CLAT and other Law Entrance Examinations: A Workbook, 1e",by Bhardwaj,3.9,46,https://www.amazon.in/Legal-Aptitude-other-Entrance-Examinations/dp/9332519781,9332519781,₹251,Paperback
"M P Jain & S N Jain’s Principles of Administrative Law",by M P Jain,5,2,https://www.amazon.in/Jain-Jains-Principles-Administrative-Law/dp/8131251624,8131251624,₹1,490,Paperback
"Law of Attraction: Secrets To Unleashing The Power From Within (money, happiness...",by Daniel D'apollonio,4.5,31,https://www.amazon.in/Law-Attraction-Unleashing-visualisation-techniques-ebook/dp/B01N47PFHR,B01N47PFHR,₹0,Kindle Edition
"Guide to Judicial Service  Examination",by Universal,4.5,2,https://www.amazon.in/Guide-Judicial-Service-Examination-Universal/dp/9386515733,9386515733,₹1,292,Paperback
"Company Law and Practice - A Comprehensive Text Book on Companies Act 2013 (23rd...",by Dr. G.K. Kapoor,,,https://www.amazon.in/Company-Law-Practice-Comprehensive-Companies/dp/9387957624,9387957624,₹930,Paperback
"Corporate And Economic Law For New Syllabus Applicable for November 2018 Exams",by CA CS Munish Bhandari,5,1,https://www.amazon.in/Corporate-Economic-Syllabus-Applicable-November/dp/B07FS67P8N,B07FS67P8N,₹998,Paperback
"The Law Book: From Hammurabi to the International Criminal Court, 250 Milestones...",by Michael H. Roffer,4.2,17,https://www.amazon.in/Law-Book-Hammurabi-International-Milestones/dp/1454901683,1454901683,₹1,499,Hardcover
"Direct Taxes Circulars 1922-2015 - Relating To The Law Of Income, Wealth And...",by Pithisaria,,,https://www.amazon.in/Direct-Taxes-Circulars-1922-2015-Statutory/dp/935143821X,935143821X,₹2,350,Hardcover
"Constitution of India",by M. Laxmikanth,4.1,14,https://www.amazon.in/Constitution-India-M-Laxmikanth/dp/9387511057,9387511057,₹300,Paperback
"Training Instruments in HRD and OD: Fourth Edition",by Udai Pareek - Import,5,2,https://www.amazon.in/Training-Instruments-HRD-OD-Fourth/dp/9352806905,9352806905,₹450,Paperback
"Company Law (LL.B. Series) (2018 Edition)",by Dr. G.K. Kapoor,5,1,https://www.amazon.in/Company-LL-B-2018-G-K-Kapoor/dp/9387957152,9387957152,₹564,Paperback
"Constitutional Law of India (Part-II)",by Dr. Ashok K. Jain,5,1,https://www.amazon.in/Constitutional-India-Part-II-Ashok-Jain/dp/B07D4HK3J9,B07D4HK3J9,₹255,Paperback
"Students' Guide to GST & Customs Law (3rd Edition January 2019)",by Dr. Vinod K. Singhania,,,https://www.amazon.in/Students-Guide-Customs-January-2019/dp/9388750268,9388750268,₹525.00,Paperback
"Supreme Court of India: The Beginnings",by George H. Gadbois  Jr. - Import,4.2,3,https://www.amazon.in/Supreme-Court-India-George-Gadbois/dp/0199472165,0199472165,₹638,Hardcover
"Previous Years’ Papers of CLAT, AILET and Other Law Entrance Examinations: With...",by A.P. Bhardwaj,4.7,11,https://www.amazon.in/Previous-Years-Papers-Entrance-Examinations/dp/935286669X,935286669X,₹378,Paperback
"CORPORATE AND ALLIED LAWS FOR OLD SYLLABUS APPLICABLE FOR NOV. 2018 EXAMS",by CA CS MUNISH BHANDARI,3.9,18,https://www.amazon.in/CORPORATE-ALLIED-SYLLABUS-APPLICABLE-EXAMS/dp/9385075500,9385075500,₹687,Paperback
"How to Own Your Own Mind (The Mental Dynamite Series)",by Napoleon Hill,5,2,https://www.amazon.in/How-Your-Mind-Mental-Dynamite/dp/0143111523,0143111523,₹239,Paperback
"Direct Taxes Law & Practice (Professional Edition)(As Amended by Finance Act...",by Dr. Vinod K Singhania & Dr. Kapil Singhania,5,6,https://www.amazon.in/Direct-Practice-Professional-Amended-Finance/dp/9387702812,9387702812,₹2,134,Hardcover
"Jurisprudence, Interpretation & General laws for CS Executives(New syllabus)",by CS Amit Vohra,,,https://www.amazon.in/Jurisprudence-Interpretation-General-Executives-syllabus/dp/9351396584,9351396584,₹535,Paperback
"Labour Laws (Telugu)",by Madabhushi Sridhar,4.1,2,https://www.amazon.in/Labour-Laws-Telugu-Madabhushi-Sridhar/dp/9382705651,9382705651,₹270,Paperback
"Gruhanirman Sanstheche Sulabh Vyavasthapan (Society Bye - Laws)",by Manisha Prabhu,,,https://www.amazon.in/Gruhanirman-Sanstheche-Sulabh-Vyavasthapan-Society/dp/B07HLN1C2D,B07HLN1C2D,₹285,Paperback
"NDTV Frauds: A classic example of breaking of Law by Indian Media Houses",by Sree Iyer,4.3,242,https://www.amazon.in/NDTV-Frauds-classic-example-breaking-ebook/dp/B01NC2VHPI,B01NC2VHPI,₹237.18,Kindle Edition
"GST & Customs Law (University Edition)(2nd Edition 2019)",by CA (Dr.) K.M. Bansal,,,https://www.amazon.in/GST-Customs-Law-University-2019/dp/9388266919,9388266919,₹575,Paperback
"Lectures on Administrative Law by C. K. Takwani",by C. K. Takwani,3.5,3,https://www.amazon.in/Lectures-Administrative-Law-C-Takwani/dp/935145438X,935145438X,₹473,Paperback
"Orange Book of The Law of Success",by Hill,5,2,https://www.amazon.in/Orange-Book-Law-Success-Hill/dp/9380078323,9380078323,₹143,Paperback
"Intellectual Property Rights Law Guide (Descriptive answers, short notes, solutions...",by Dr.RD Vijayasekhar,,,https://www.amazon.in/Intellectual-Property-Descriptive-solutions-problems/dp/B07F5JDX2T,B07F5JDX2T,,Paperback
"Mercantile Laws: Common Proficiency Test",by Gogna P.P.S.,4.2,4,https://www.amazon.in/Mercantile-Laws-Common-Proficiency-Test/dp/8121928605,8121928605,₹255,Paperback
"The 5 AM Club: Own Your Morning, Elevate Your Life",by Robin Sharma,4.3,161,https://www.amazon.in/AM-Club-Your-Morning-Elevate/dp/9387944891,9387944891,₹189,Paperback
"The Constitution of india/Bare Act with Short Comments Latest Edition",by Editorial Board of Professional Book Publishers,5,2,https://www.amazon.in/Constitution-india-Short-Comments-Latest/dp/B07F23KSBJ,B07F23KSBJ,₹220,Paperback
"30 Powerful Visualization Practices: How to manifest your desires using the law...",by Rajesh Vairapandian,4.6,129,https://www.amazon.in/30-Powerful-Visualization-Practices-attraction-ebook/dp/B0722DY8VL,B0722DY8VL,₹49,Kindle Edition
"Bharat ka Samvidhan:The Constitution of India: Hindi",by Dr.B.R.Ambedkar,4.4,4,https://www.amazon.in/Bharat-Samvidhan-Constitution-India-Hindi/dp/9385582178,9385582178,,Paperback
"The Rule of Law",by Tom Bingham,4.7,13,https://www.amazon.in/Rule-Law-Tom-Bingham/dp/014103453X,014103453X,₹349,Paperback
"Handbook on Patent Law - The Patents Act, 1970",by LexCampus,5,5,https://www.amazon.in/Handbook-Patent-Law-Patents-1970/dp/8193532708,8193532708,₹585,Paperback
"Law of Attraction: 30 Practical Exercises: Volume 1 (Law of Attraction in Action)",by Louise Stapely,4.3,15,https://www.amazon.in/Law-Attraction-Practical-Exercises-Action/dp/1515110184,1515110184,₹601,Paperback
"Contract Law in India: Text and Cases",by Akhileshwar Pathak,4.7,6,https://www.amazon.in/Contract-Law-India-Text-Cases/dp/0198072228,0198072228,₹375,Paperback
"Banking Law And Practice In India",by M.L. Tannan,4.7,4,https://www.amazon.in/Banking-Practice-India-M-L-Tannan/dp/818038764X,818038764X,₹2,805,Hardcover
"The Mother-in-Law: The Other Woman in Your Marriage",by Veena Venugopal,3.6,39,https://www.amazon.in/Mother-Law-Other-Woman-Marriage/dp/0143419870,0143419870,₹282.21,Paperback
"Criminal Major Acts (CRPC, IPC and IEA) in Tamil - முப்பெரும் குற்றவியல் சட்டங்கள்...",by ATC Radhakrishnan,,,https://www.amazon.in/Criminal-Major-Acts-CRPC-Tamil/dp/B07KFHRJT6,B07KFHRJT6,₹565,Hardcover
"10 Natural Laws of Successful Time and Life Management",by Hyrum W. Smith,5,2,https://www.amazon.in/Natural-Laws-Successful-Time-Management/dp/0446670642,0446670642,₹940,Paperback
"Guide to Maharashtra CET (Common Law Entrance Test 2019)",by Avhad & Sethi,,,https://www.amazon.in/Guide-Maharashtra-Common-Entrance-Test/dp/B07KQ9278G,B07KQ9278G,₹660,Paperback
"Lectures on Law of Evidence",by Dr. Rega Surya Rao,,,https://www.amazon.in/Lectures-Law-Evidence-Rega-Surya/dp/9386416085,9386416085,₹200,Paperback
"Kanooni Salah Aapke Liye",by Deepak Kumar Maharshi,4.1,4,https://www.amazon.in/Kanooni-Salah-Aapke-Deepak-Maharshi/dp/8176046698,8176046698,₹105,Paperback
"Alishare Bamboo Kitchen Cook Book Document Stands Holders for Reading in Bed...",by Alishare,4,1,https://www.amazon.in/Alishare-Kitchen-Document-Holders-Reading/dp/B07B8Y6Y8F,B07B8Y6Y8F,,
"GST Audit Manual (2nd Edition January 2019)",by Vivek Laddha,,,https://www.amazon.in/GST-Audit-Manual-January-2019/dp/9388750047,9388750047,₹795,Paperback
"Criminal Manual: Cr.P.C., I.P.C. and Evidence 2018",by Universal's Legal Manual (Pocket Size),4.1,49,https://www.amazon.in/Criminal-Manual-Cr-P-C-I-P-C-Evidence/dp/8175349190,8175349190,₹330,Hardcover
"The Body Book: The Law of Hunger, the Science of Strength, and Other Ways to...",by Cameron Diaz,4.6,3,https://www.amazon.in/Body-Book-Science-Strength-Amazing/dp/0062252755,0062252755,₹646,Paperback
"ADMINISTRATIVE LAW",by Dr.J.J.R.UPADHYAYA,,,https://www.amazon.in/ADMINISTRATIVE-LAW-Dr-J-J-R-UPADHYAYA/dp/9384852430,9384852430,₹425,Paperback
"Creative Visualization: 33 Guided Visualization Scripts to Create the Life of...",by Louise Stapely,4.8,5,https://www.amazon.in/Creative-Visualization-Guided-Scripts-Attraction-ebook/dp/B00N172OBW,B00N172OBW,₹215.94,Kindle Edition
"Stories At Work: Unlock the Secret to Business Storytelling",by Indranil Chakraborty - Import,4.9,49,https://www.amazon.in/Stories-At-Work-Business-Storytelling/dp/0670089842,0670089842,₹350.52,Hardcover
"A HAND BOOK LAW, ETHICS & COMMUNICATION ( FOR CA INTERMEDIATE (IPC) (OLD SYLLABUS)",by munish bhandari,3.9,6,https://www.amazon.in/HAND-ETHICS-COMMUNICATION-INTERMEDIATE-SYLLABUS/dp/9385075365,9385075365,₹574.90,Paperback
"Fundamental Laws Of Mechanics",by IE IRODOV,3.9,84,https://www.amazon.in/Fundamental-Laws-Mechanics-IE-IRODOV/dp/9350943166,9350943166,₹58,Paperback
"Ratanlal and Dhirajlal’s the Code of Criminal Procedure - As amended by the Criminal...",by Ratanlal,4.3,24,https://www.amazon.in/Ratanlal-Dhirajlals-Code-Criminal-Procedure/dp/8131251306,8131251306,₹785,Paperback
"A HANDBOOK ON CORPORATE AND OTHER LAWS FOR CA INTERMEDIATE (IPCC) NEW SYLLABUS...",by Munish bhandari,4.2,18,https://www.amazon.in/HANDBOOK-CORPORATE-INTERMEDIATE-SYLLABUS-APPLICABLE/dp/9385075373,9385075373,₹656,Paperback
"Unlawful Justice",by Vish Dhamija,4.4,100,https://www.amazon.in/Unlawful-Justice-Vish-Dhamija/dp/9352644166,9352644166,₹225,Paperback
"Handbook of Company Law Procedures",by Corporate Professionals,,,https://www.amazon.in/Handbook-Company-Procedures-Corporate-Professionals/dp/9388696085,9388696085,₹1,720,Paperback
"COMPETITION LAW IN INDIA AND INTERFACE WITH SECTORAL REGULATORS",by DR. SOUVIK CHATTERJI,,,https://www.amazon.in/COMPETITION-INDIA-INTERFACE-SECTORAL-REGULATORS/dp/9386374722,9386374722,₹1,656,Paperback
"Commercial's Accounting Standards Made Easy for CA IPCC (Old Syllabus) 10th Edition...",by CA. Ravi Kanth Miriyala, CA. Sunitanjani Miriyala,,,https://www.amazon.in/Commercials-Accounting-Standards-Made-Syllabus/dp/9387983781,9387983781,₹517,Paperback
"The Indian Penal Code as amended by by the Criminal Law (Amendment) Act, 2013...",by Editorial Board of Professional Book Publishers,3,2,https://www.amazon.in/Indian-amended-Criminal-Amendment-Latest/dp/B07F229DMB,B07F229DMB,₹173,Paperback Bunko
"Students Handbook on Taxation",by T N Manoharan,,,https://www.amazon.in/Students-Handbook-Taxation-T-Manoharan/dp/9350393255,9350393255,₹989,Paperback
"CLAT Guide 2019",by Gautam Puri,4.8,7,https://www.amazon.in/CLAT-Guide-2019-Gautam-Puri/dp/9388030206,9388030206,₹538,Paperback
"Ethics and Civil Drones: European Policies and Proposals for the Industry (SpringerBriefs...",by María de Miguel Molina,3.4,4,https://www.amazon.in/Ethics-Civil-Drones-Proposals-SpringerBriefs-ebook/dp/B077ZDLRBQ,B077ZDLRBQ,₹0,Kindle Edition
"12 Rules for Life: An Antidote to Chaos",by Jordan B. Peterson,4.4,97,https://www.amazon.in/12-Rules-Life-Antidote-Chaos/dp/0241351642,0241351642,₹433,Paperback
"Lectures on Constitutional Law - II",by Dr. Rega Surya Rao,5,1,https://www.amazon.in/Lectures-Constitutional-Law-Rega-Surya/dp/9386416700,9386416700,₹220,Paperback
"Business Law",by P C Tulsian,4.1,6,https://www.amazon.in/Business-Law-P-C-Tulsian/dp/9339203461,9339203461,₹520,Paperback
"MODERN HINDU LAW",by paras diwan & peeyushi diwan,,,https://www.amazon.in/MODERN-HINDU-paras-diwan-peeyushi/dp/9380231156,9380231156,₹570,Paperback
"Lectures on Administrative Law",by Dr. Rega Surya Rao,4,1,https://www.amazon.in/Lectures-Administrative-Law-Rega-Surya/dp/9386416980,9386416980,₹305,Paperback
"Securities Law",by Kondaiah Jonnalagadda,,,https://www.amazon.in/Securities-Law-Kondaiah-Jonnalagadda/dp/9351434532,9351434532,₹350,Paperback
"Corporate & Economic Laws (CA-Final)(May 2019 Exam-New Syllabus)",by Tejpal Sheth,,,https://www.amazon.in/Corporate-Economic-CA-Final-Exam-New-Syllabus/dp/9388750233,9388750233,₹875,Paperback
"Complete CLAT Companion with Free Current Affairs Booklet by Pearson",by Gagrani Harsh,5,1,https://www.amazon.in/Complete-Companion-Current-Affairs-Booklet/dp/9352866355,9352866355,₹614,Paperback
"Questions Are the Answers",by Allan Pease,4.4,226,https://www.amazon.in/Questions-Are-Answers-Allan-Pease/dp/8186775056,8186775056,₹83,Paperback
"Intellectual Property Laws/Latest Edition",by Editorial Board of Professional Book Publishers,3,1,https://www.amazon.in/Intellectual-Property-Editorial-Professional-Publishers/dp/B07F1Z8NML,B07F1Z8NML,₹155,Paperback
"Law Series 1-Indian Penal Code, 1860",by Abhinav Misra,2.9,4,https://www.amazon.in/Law-1-Indian-Penal-Code-1860/dp/9350132397,9350132397,₹62,Paperback
"Company Law (CS-Executive) (December 2018 Exams) (5th Edition June 2018)",by Tejpal Sheth,4,3,https://www.amazon.in/Company-CS-Executive-December-2018-Exams/dp/9387957780,9387957780,₹850,Paperback
"Direct Taxes Law & Practice -With special reference to Tax Planning (60th Edition...",by Dr. Vinod K. Singhania & Dr. Kapil Singhania,5,1,https://www.amazon.in/Practice-special-reference-Planning-2018-19/dp/9387957233,9387957233,₹1,247,Paperback
"The Laws of the Spirit World (Tamil)",by Khorshed Bhavnagri,5,2,https://www.amazon.in/Laws-Spirit-World-Tamil/dp/8184958757,8184958757,₹280,Paperback
"Ethics and Civil Drones: European Policies and Proposals for the Industry (SpringerBriefs...",by María de Miguel Molina,3.4,4,https://www.amazon.in/Ethics-Civil-Drones-Proposals-SpringerBriefs-ebook/dp/B077ZDLRBQ,B077ZDLRBQ,₹0,Kindle Edition
"Legal Theory & Jurisprudence (LL.B. Series) (2018 Edition)",by Dr. V.B. Coutinho,,,https://www.amazon.in/Legal-Theory-Jurisprudence-LL-B-2018/dp/9387957144,9387957144,₹179,Paperback
"The Code Of Civil Procedure (SET OF 3)",by Mulla,3.7,5,https://www.amazon.in/Code-Civil-Procedure-SET/dp/9351430766,9351430766,₹3,750,Hardcover
"CLAT & AILET Chapterwise Solved Papers (2008-2018) 2019",by Gautam Puri,4.6,9,https://www.amazon.in/AILET-Chapterwise-Solved-Papers-2008-2018/dp/9388030192,9388030192,₹413,Paperback
"Let's Talk Money: You've Worked Hard for It, Now Make It Work for You",by Monika Halan,4.5,85,https://www.amazon.in/Lets-Talk-Money-Youve-Worked/dp/9352779398,9352779398,₹367,Paperback
"Corporate & Economic Laws (CA-Final)(May 2019 Exam-New Syllabus)",by CA Pankaj Garg,,,https://www.amazon.in/Corporate-Economic-CA-Final-Exam-New-Syllabus/dp/9388750284,9388750284,₹945,Paperback
"Constitutional Law I in Tamil (Background, Philosophy, Fundamental Rights and...",by Dr. P.R.Jayarajan M.L. M.B.A. P.G.D.A.D.R. D.Lit.,5,1,https://www.amazon.in/Constitutional-Background-Philosophy-Fundamental-%E0%AE%85%E0%AE%B0%E0%AE%9A%E0%AE%BF%E0%AE%AF%E0%AE%B2%E0%AE%AE%E0%AF%88%E0%AE%AA%E0%AF%8D%E0%AE%AA%E0%AF%81/dp/8193101588,8193101588,₹360,Paperback Shinsho
"Competition Law in India: Policy, Issues, and Developments",by T. Ramappa,4.3,4,https://www.amazon.in/Competition-Law-India-Policy-Developments/dp/0198097271,0198097271,₹739,Paperback
"Motor Vehicles Laws (A Comprehensive Examination Of Motor Vehicles Act, 1988...",by Kannan,3.4,3,https://www.amazon.in/Comprehensive-Examination-Insurance-Entitlement-Compensation/dp/9351438252,9351438252,₹2,300,Hardcover
"Introduction to Information Security and Cyber Laws",by Surya Prakash Tripathi,1,1,https://www.amazon.in/Introduction-Information-Security-Cyber-Laws/dp/9351194736,9351194736,₹332,Paperback
"Madhya Pradesh General Knowledge and M.P.Local Law Compendium",by Amit Singh Chandel,,,https://www.amazon.in/Pradesh-General-Knowledge-M-P-Local-Compendium/dp/B07H7RKRSJ,B07H7RKRSJ,₹185,Paperback
"Maharashtra CLET 2018 for 5 Years Course",by Arihant Expert,,,https://www.amazon.in/Maharashtra-CLET-2018-Years-Course/dp/9313165686,9313165686,₹470,Paperback
"P Ramanatha Aiyar’s Advanced Law Lexicon - The Encyclopaedic Law Dictionary with...",by P Ramanatha Aiyar,3.5,3,https://www.amazon.in/Ramanatha-Aiyars-Advanced-Lexicon-Encyclopaedic/dp/9350358867,9350358867,₹5,625,Hardcover
"Business Law",by M.C. Kuchhal,3,2,https://www.amazon.in/Business-Law-M-C-Kuchhal/dp/9352714768,9352714768,₹409,Paperback
"Company Law Notes CS Executive JUNE 2019 (OLD Syllabus)",by CA Amit Talda,5,2,https://www.amazon.in/Company-Notes-Executive-December-Syllabus/dp/B01LYN9SPT,B01LYN9SPT,₹699,Spiral-bound
"The Frequency: Fulfill all Your Wishes by Manifesting With Vibrations (Use the...",by Linda West,4.1,12,https://www.amazon.in/Frequency-Manifesting-Vibrations-Attraction-Manifestation-ebook/dp/B015BQHXD4,B015BQHXD4,₹216,Kindle Edition
"The Business School",by Robert T. Kiyosaki,4.5,216,https://www.amazon.in/Business-School-Robert-T-Kiyosaki/dp/8186775811,8186775811,₹108,Paperback
"Delhi University LLB Entrance Test Solved Papers (2008-2018)",by Himanshu Bangia,,,https://www.amazon.in/University-Entrance-Solved-Papers-2008-2018/dp/B07HYY352M,B07HYY352M,₹195,Paperback
"Co-Operative Banking: Principles, Laws and Practices",by Indian Institute of Banking and Finance,4,1,https://www.amazon.in/Co-Operative-Banking-Principles-Laws-Practices/dp/9386263599,9386263599,₹299,Paperback
"Thin Blue Line Memo Books (3 Pack) by Violent Little Machine Shop",,,,https://www.amazon.in/Thin-Books-Violent-Little-Machine/dp/B075DHFP2R,B075DHFP2R,₹2,888,
"Dr. R.K.Bangia's LAW OF TORTS including Compensation under the Motor Vehicles...",by Dr. R.K.Bangia,,,https://www.amazon.in/R-K-Bangias-including-Compensation-Vehicles-Protection/dp/B07LH6TVVZ,B07LH6TVVZ,₹445,Paperback
"Indian Penal Code or Law of Crimes in TAMIL as amended by The Criminal Law (Amendment...",by Dr. P.R.Jayarajan M.L. M.B.A. P.G.D.A.D.R. D.Lit.,,,https://www.amazon.in/Criminal-Amendment-Ordinance-Procedure-%E0%AE%95%E0%AF%81%E0%AE%B1%E0%AF%8D%E0%AE%B1%E0%AE%99%E0%AF%8D%E0%AE%95%E0%AE%B3%E0%AF%8D/dp/819310157X,819310157X,₹410,Hardcover
"Think BIG and Grow Rich: Attract Money With The Law of Attraction (Wealth Book 2)",by Will Edwards,,,https://www.amazon.in/Think-Grow-Rich-Wealth-Book-ebook/dp/B01EANE710,B01EANE710,₹49,Kindle Edition
"GST Audit & Annual Return (2nd Edition January 2019)",by Aditya Singhania,,,https://www.amazon.in/Audit-Annual-Return-January-2019/dp/9388750063,9388750063,₹675,Paperback
"BHU Banaras Hindu University  L.L.B Entrance Exam 2019",by Arihant Expert,,,https://www.amazon.in/Banaras-Hindu-University-L-L-B-Entrance/dp/9313167433,9313167433,₹167,Paperback
"Law Of Partnership–Including Limited Liability Partnership",by C.L. Gupta,5,1,https://www.amazon.in/Law-Partnership-Including-Limited-Liability-Partnership/dp/9351437434,9351437434,₹1,420,Hardcover
"Jurisprudence Interpretation & General Laws (CS-Executive) (For June 2019 Exam-New...",by N.S. Zad,,,https://www.amazon.in/Jurisprudence-Interpretation-CS-Executive-Exam-New-Syllabus/dp/9388750373,9388750373,₹540,Paperback
"The Due process of Law",by Lord Denning,,,https://www.amazon.in/Due-process-Law-Lord-Denning/dp/0199674345,0199674345,,Paperback
"Student's Friendly Up-to-Date Class Notes with Asked and Model Q. & A. on U.P...",by Ashok Kumar "Shaswatta",,,https://www.amazon.in/Students-Friendly-Date-Class-Examination/dp/B07HKS6TFL,B07HKS6TFL,₹360,Paperback
"MPSC - Pocket Law",by Avinash Prabhakar Chandra,,,https://www.amazon.in/MPSC-Pocket-Avinash-Prabhakar-Chandra/dp/B07L8HZV5D,B07L8HZV5D,₹95,Paperback
"LAW RELATING TO ARBITRATION & CONCILIATION IN INDIA",by Dr. N.V. PARANJAPE,5,1,https://www.amazon.in/LAW-RELATING-ARBITRATION-CONCILIATION-INDIA/dp/9384852449,9384852449,₹450,Paperback
"Industrial Relations, Trade Unions and Labour Legislation",by P.R.N. Sinha,3.9,19,https://www.amazon.in/Industrial-Relations-Unions-Labour-Legislation/dp/933254753X,933254753X,₹588,Paperback
"Intellectual Property Rights",by Neeraj Pandey - Import,4.4,7,https://www.amazon.in/Intellectual-Property-Rights-Neeraj-Pandey/dp/812034989X,812034989X,₹195,Paperback
"Systematic Approach to Taxation: Containing Income Tax and GST",by Girish Ahuja,,,https://www.amazon.in/Systematic-Approach-Taxation-Containing-Income/dp/9387963209,9387963209,₹930,Paperback
"Amar Law Publication's Judicial Process useful for LL.M by Dr. Sheetal Kanwal",by Dr. Sheetal Kanwal,,,https://www.amazon.in/Publications-Judicial-Process-useful-Sheetal/dp/9785456145,9785456145,₹300,Paperback
"Allahabad Law Agency's Textbook on Law of Torts by Dr. R. K. Bangia",by Dr. R. K. Bangia,,,https://www.amazon.in/Allahabad-Agencys-Textbook-Torts-Bangia/dp/9786486234,9786486234,₹460,Paperback
"AN INTRODUCTION TO INTELLECTUAL PROPERTY RIGHTS",by Venkataraman M - Import,3.8,4,https://www.amazon.in/INTRODUCTION-INTELLECTUAL-PROPERTY-RIGHTS/dp/8191045729,8191045729,₹150,Paperback
"Industrial Labour & General Laws - Theory & MCQs (CS-Executive)-(June 2018 Exams)",by Tejpal Sheth & Jigisha Thakkar,,,https://www.amazon.in/Industrial-Labour-General-Laws-CS-Executive/dp/9387702383,9387702383,₹520,Paperback
"Corporate Law",by Universal Law Series,,,https://www.amazon.in/Corporate-Law-Universal/dp/9350359618,9350359618,₹143,Paperback
"UGC-NET: Law (Paper II) Exam Guide",by Apoorv Bhardwaj,3,2,https://www.amazon.in/UGC-NET-Law-Paper-Exam-Guide/dp/9387604594,9387604594,₹391,Paperback
"N.D. Kapoor's Elements of Company Law: for B.Com, LLB, CA, CS, CMA, M.Com, MBA...",by N.D. Kapoor,,,https://www.amazon.in/N-D-Kapoors-Elements-Company-Law/dp/9387907392,9387907392,₹250,Paperback
"Industrial Labour & General Laws for CS-Executive (Theory & MCQs)",by Desikan Balaji,4.3,5,https://www.amazon.in/Industrial-Labour-General-CS-Executive-Theory/dp/9350717980,9350717980,₹395,Paperback
"Crimnal Law-1",,5,1,https://www.amazon.in/Crimnal-Law-1/dp/B0166RPNNO,B0166RPNNO,₹335,Paperback
"MS-28 Labour Law",by GPH Panel of Experts,5,1,https://www.amazon.in/MS-28-Labour-Law-Panel-Experts/dp/9381066922,9381066922,₹120,Paperback
"Commentary On Information Technology Act– With Rules,
Regulations, Orders, Guidelines...",by Apar Gupta,4.6,2,https://www.amazon.in/Commentary-Information-Technology-Regulations-Guidelines/dp/9351437116,9351437116,,Hardcover
"Akarshan Ke Niyam Se Aage (Beyond The Law of Attraction)",by Brenda Barnaby,4,24,https://www.amazon.in/Akarshan-Niyam-Aage-Beyond-Attraction/dp/8182748119,8182748119,₹221,Paperback
"Law of Attraction Habits: 5 Habits That Super Charge Your Manifesting Skills...",by Chris Tomasso,3.9,17,https://www.amazon.in/Law-Attraction-Habits-Manifesting-Lifestyle-ebook/dp/B00UR1IN0G,B00UR1IN0G,₹0,Kindle Edition
"Business Laws - Business Law, Business Correspondence & Reporting (CA-Foundation)",by Dr. V.K. Jain/ CA Shashank S. Sharma,5,1,https://www.amazon.in/Business-Laws-Correspondence-Reporting-CA-Foundation/dp/9386882884,9386882884,₹328,Paperback
"Civil Procedure Code (Tamil)",,5,1,https://www.amazon.in/Civil-Procedure-Code-Tamil/dp/8193101502,8193101502,₹230,Hardcover
"Law, Ethics And The Media: Law and More Law, Ethics and the Media",by Sebastian Paul,,,https://www.amazon.in/Law-Ethics-Media-More/dp/9351433862,9351433862,,Paperback
"LAW FOR ENGINEERS",by VIBHA ARORA,,,https://www.amazon.in/LAW-ENGINEERS-VIBHA-ARORA/dp/B07JCQGT43,B07JCQGT43,₹240,Paperback
"N. D. Kapoor's Elements of Mercantile Law: For B.Com, LLB, CA, CS, CMA, M.Com...",by N. D. Kapoor,5,4,https://www.amazon.in/N-Kapoors-Elements-Mercantile-Law/dp/9387907112,9387907112,₹720,Paperback
"Law on Industrial Disputes with Central & State Rules (Set of 2 Volumes)",by Vithalbhai B Patel,,,https://www.amazon.in/Industrial-Disputes-Central-State-Volumes/dp/9350358050,9350358050,₹1,900,Hardcover
"Munish Bhandari's Handbook on Law, Ethics & Communications latest editionfor...",by CA CS Munish Bhandari,,,https://www.amazon.in/Bhandaris-Handbook-Communications-editionfor-syllabus/dp/B07HFFRRPL,B07HFFRRPL,₹995,Paperback
"Law of Arbitration and Conciliation with Alternative Dispute Resolution Systems",by Avtar Singh,3.5,3,https://www.amazon.in/Arbitration-Conciliation-Alternative-Dispute-Resolution/dp/9387487148,9387487148,₹550,Paperback
"Live Your Dreams: Be You.",by Neeti Nigam Keswani - Import,4.2,24,https://www.amazon.in/Live-Your-Dreams-Be-You/dp/9352915488,9352915488,₹149,Paperback
"How To Develop Self-Confidence",by Dale Carnegie,4.1,141,https://www.amazon.in/How-Develop-Self-Confidence-Dale-Carnegie/dp/0091906393,0091906393,₹149,Paperback
"CRIMINAL LAW (LAW SERIES Book 1)",by MOHIT PURI,3,2,https://www.amazon.in/CRIMINAL-LAW-Book-1-ebook/dp/B07D4C7LQZ,B07D4C7LQZ,₹209,Kindle Edition
"Sodhanis Indirect Tax GST-Customs-FTP 2-Modules set for CA Final May 2019 (470...",by CA Vineet Sodhani,,,https://www.amazon.in/Sodhanis-Indirect-GST-Customs-FTP-2-Modules-Final/dp/8193648536,8193648536,₹1,317,Paperback
"The Seven Spiritual Laws of Yoga: A Practical Guide to Healing Body, Mind, and...",by Deepak Chopra M.D.,4.1,2,https://www.amazon.in/Seven-Spiritual-Laws-Yoga-Practical/dp/0471736279,0471736279,₹1,124,Paperback
"Judicial Service Examination/Unsolved Mains (All States) Papers (Subject-Wise...",by Mr.Pawan Kumar,3.7,7,https://www.amazon.in/Judicial-Examination-Unsolved-Subject-Wise-Topic-Wise/dp/B07DWF5FG4,B07DWF5FG4,₹479,Paperback
"Economic & Commercial Laws (CS- Executive) (December 2018 Exams) (7th Edition...",by Tejpal Sheth,,,https://www.amazon.in/Economic-Commercial-Executive-December-Exams/dp/9387957594,9387957594,₹500,Paperback
"The Essence of Law of Success",by Napoleon Hill,,,https://www.amazon.in/Essence-Law-Success-Napoleon-Hill/dp/8184954336,8184954336,₹140,Paperback
"Solved Papers of Judicial & Other Law Competitions",by Dr. P.K. Pandey,3.7,3,https://www.amazon.in/Solved-Papers-Judicial-Other-Competitions/dp/9384303402,9384303402,₹700,Paperback
"Business Laws-B.Com (CBCS) (4th Edition 2019)",by Sushma Arora,,,https://www.amazon.in/Business-Laws-B-Com-CBCS-4th-2019/dp/9388750179,9388750179,₹475,Paperback
"Supreme Court Digest On Indian Penal Code, 1860 (1999-2014)",by Kant Mani,,,https://www.amazon.in/Supreme-Court-Digest-Indian-1999-2014/dp/938511400X,938511400X,₹810,Paperback
"Criminal Procedure Code (Students Edition): Student Edition",by Ratanlal,4.2,10,https://www.amazon.in/Criminal-Procedure-Code-Students-Student/dp/9351432556,9351432556,₹565,Paperback
"Handbook On Election Law",by P. Rathna Swamy,4.5,2,https://www.amazon.in/Handbook-Election-Law-Rathna-Swamy/dp/9351430561,9351430561,₹345,Paperback
"Handbook On Election Law",by P. Rathna Swamy,4.5,2,https://www.amazon.in/Handbook-Election-Law-Rathna-Swamy/dp/9351430561,9351430561,₹345,Paperback
"Lectures on Law of Property",by Dr. Rega Surya Rao,,,https://www.amazon.in/Lectures-Law-Property-Rega-Surya/dp/B07G18NMT5,B07G18NMT5,₹300,Paperback
"Jhabvala Law Series: Company Law For BSL & LL.B by H.D.Pithawalla - C.Jamnadas...",by Prof. H. D. Pithawalla,,,https://www.amazon.in/Jhabvala-Law-Company-H-D-Pithawalla-C-Jamnadas/dp/9789306458,9789306458,₹330,Paperback
"THE WHOLE OF HER LAW: The Road to Wigan Pie: Book 2",by D.P. Mendes-Kelly,,,https://www.amazon.in/WHOLE-HER-LAW-Supernatural-Thriller-ebook/dp/B07CGD5HQV,B07CGD5HQV,₹210,Kindle Edition
"The Laws of Success",by Ryuho Okawa,,,https://www.amazon.in/Laws-Success-Ryuho-Okawa/dp/9387944638,9387944638,₹179,Paperback
"4 Pcs Musical Instrument Metal Book mark - Amupper Cuted 18k Gold Plated Stainless...",by Amupper,3.3,4,https://www.amazon.in/Musical-Instrument-Metal-Book-Mark/dp/B01MZ1YBRY,B01MZ1YBRY,₹1,793,
"Pengalukkana Sattangal பெண்களுக்கான சட்டங்கள் (Law)",by Vaidegi Balaji,,,https://www.amazon.in/Pengalukkana-Sattangal-%E0%AE%AA%E0%AF%86%E0%AE%A3%E0%AF%8D%E0%AE%95%E0%AE%B3%E0%AF%81%E0%AE%95%E0%AF%8D%E0%AE%95%E0%AE%BE%E0%AE%A9-%E0%AE%9A%E0%AE%9F%E0%AF%8D%E0%AE%9F%E0%AE%99%E0%AF%8D%E0%AE%95%E0%AE%B3%E0%AF%8D-Law/dp/938414990X,938414990X,₹250,Paperback
"Aakarshanacha Niyam - The Law of Attraction",by Easther & Jery Hiks,5,1,https://www.amazon.in/Aakarshanacha-Niyam-Easther-Jery-Hiks/dp/9352201418,9352201418,₹240,Paperback
"Constitution Of India Chart",by Vidya Chitr Prakashan,3.8,27,https://www.amazon.in/Constitution-India-Chart-Vidya-Prakashan/dp/B00QQCTJ2G,B00QQCTJ2G,₹250,Wall Chart
"LL.B Question Papers with Solved Problems on Labour Law II, Family Law II, Taxation...",by Dr.RD Vijayasekhar,,,https://www.amazon.in/Question-Problems-Taxation-Intellectual-University/dp/B07KWZJ1XC,B07KWZJ1XC,₹250,Paperback
"Hindu Laws (Lawmann's)",by Lawmann's,,,https://www.amazon.in/Hindu-Laws-Lawmanns-Lawmann/dp/B00Q2EORAC,B00Q2EORAC,₹59,Paperback
"Rahasya",by Rhonda Byrne,4.6,870,https://www.amazon.in/Rahasya-Rhonda-Byrne/dp/8183220940,8183220940,₹233,Paperback
"Industrial Labour & General Laws - Theory & MCQs (CS-Executive) (December 2018...",by Tejpal Sheth,3.3,3,https://www.amazon.in/Industrial-Labour-General-Laws-CS-Executive/dp/9387957586,9387957586,₹555,Paperback
"A Dictionary of Law (Oxford Quick Reference)",by Jonathan Law - Import,3.9,11,https://www.amazon.in/Dictionary-Law-Oxford-Quick-Reference/dp/0198802528,0198802528,₹325,Paperback
"Introduction To Environmental Law",by S. Shanthakumar,5,1,https://www.amazon.in/Introduction-Environmental-Law-S-Shanthakumar/dp/818038392X,818038392X,₹330,Paperback
"Mergers & Acquisitions- The Art of Science",by Ashish Patil,4.9,28,https://www.amazon.in/Mergers-Acquisitions-Science-Ashish-Patil/dp/9811104867,9811104867,₹499,Paperback
"Introduction to the Constitution of India",by Sharma Brij Kishore,4.3,8,https://www.amazon.in/Introduction-Constitution-India-Sharma-Kishore/dp/812035317X,812035317X,₹350,Paperback
"Indian Evidence Act - Objective Type Q & A/Multiple Choice for District Judge...",by ATC Editorial Board,5,1,https://www.amazon.in/Indian-Evidence-Act-%E0%AE%89%E0%AE%B0%E0%AE%BF%E0%AE%AE%E0%AF%88%E0%AE%AF%E0%AE%BF%E0%AE%AF%E0%AE%B2%E0%AF%8D-%E0%AE%B5%E0%AE%B4%E0%AE%95%E0%AF%8D%E0%AE%95%E0%AF%81%E0%AE%B0%E0%AF%88%E0%AE%9E%E0%AE%B0%E0%AF%8D/dp/B07B7NB2GC,B07B7NB2GC,₹200,Paperback Bunko
"Lectures on Contracts - I",by Dr. Rega Surya Rao,3,2,https://www.amazon.in/Lectures-Contracts-Dr-Rega-Surya/dp/B077GWTQ68,B077GWTQ68,₹200,Paperback
"The 17 Indisputable Laws of Teamwork: Embrace Them and Empower Your Team",by John C. Maxwell - Import,4.5,2,https://www.amazon.in/17-Indisputable-Laws-Teamwork-Embrace/dp/0785265589,0785265589,₹969,Paperback
"Law of Evidence",by Dr. Ashok K.Jain,,,https://www.amazon.in/Law-Evidence-Dr-Ashok-K-Jain/dp/B07D4HXJ5F,B07D4HXJ5F,,Paperback
"Money And The Law Of Attraction",by Esther & Jerry Hicks,4.5,2,https://www.amazon.in/Money-Attraction-Esther-Jerry-Hicks/dp/B016OHGAI8,B016OHGAI8,₹173,Paperback
"A Handbook on Corporate and Allied Laws -",by Munish Bhandari,,,https://www.amazon.in/Handbook-Corporate-Allied-Laws/dp/9385075578,9385075578,₹614,Paperback
"Set of 3 books for MCQ Judicial Service Examination Chapter-wise and Topic-wise",by Singhal Law Publication,,,https://www.amazon.in/Judicial-Service-Examination-Chapter-wise-Topic-wise/dp/B07KVDDCQR,B07KVDDCQR,₹1,187,Paperback
"Padhuka’s Students’ Handbook on Corporate and Allied Law: CA Final Old Syllabus",by CA G. Sekar & CA B. Saravana Prasath,2,1,https://www.amazon.in/Padhukas-Students-Handbook-Corporate-Allied/dp/9387963365,9387963365,₹845,Paperback
"Compliances Under Labour Laws - A User's Guide to Adhere with the Provisions...",by H L Kumar,4.3,10,https://www.amazon.in/Compliances-Under-Labour-Laws-Provisions/dp/8131252434,8131252434,₹560,Paperback
